title,publication_date,author,link,slug
The Well-Performing Digital Team for Your Agile Projects,11/03/2019,Paolo Dotta,https://altar.io/the-well-performing-digital-team-for-your-agile-projects/,the-well-performing-digital-team-for-your-agile-projects
The Startup MVP Development Process from A-Z,25/12/2019,Andre Lopes,https://altar.io/why-your-startup-should-take-4-6-weeks-to-launch-not-4-6-months/,why-your-startup-should-take-4-6-weeks-to-launch-not-4-6-months
5 Simple Steps to Create Your UK Startup in One Week,14/11/2019,Paolo Dotta,https://altar.io/5-steps-to-create-your-uk-startup-in-one-week/,5-steps-to-create-your-uk-startup-in-one-week
Lessons I’ve Learned Mentoring and Co-Founding Successful Startups,05/10/2019,Paolo Dotta,https://altar.io/lessons-ive-learned-virgin-mentor/,lessons-ive-learned-virgin-mentor
Proptech 3.0 and The Rise of Crypto Securitization in Real Estate,19/04/2019,Andre Lopes,https://altar.io/proptech-3-0-rise-crypto-securitization-real-estate/,proptech-3-0-rise-crypto-securitization-real-estate
10 Different Types of Developers You're Likely to Find,15/11/2019,Daniel de Castro Ruivo,https://altar.io/looking-developers-10-developer-archetypes-youre-likely-encounter/,looking-developers-10-developer-archetypes-youre-likely-encounter
Looking for Investors? Avoid These 7 Types of Bad Business Angels,18/06/2019,Andre Lopes,https://altar.io/looking-investors-avoid-7-types-bad-business-angels/,looking-investors-avoid-7-types-bad-business-angels
A Real Options Model for Tech Startups' Valuation,24/10/2019,Paolo Dotta,https://altar.io/real-options-model-tech-startups-valuation/,real-options-model-tech-startups-valuation
A Software Development Agency Must Challenge A Startup Founder,29/06/2019,Paolo Dotta,https://altar.io/saying-no-to-a-lead-is-hard-but-brings-value-to-the-lead/,saying-no-to-a-lead-is-hard-but-brings-value-to-the-lead
Altar.io Named Leading B2B Company by Clutch.co,20/10/2019,Rui Lourenco,https://altar.io/altar-io-named-leading-b2b-company-by-clutch-co/,altar-io-named-leading-b2b-company-by-clutch-co
Machine Learning in the Browser with Tensorflow.js,07/01/2020,Claudio Teixeira,https://altar.io/machine-learning-in-the-browser/,machine-learning-in-the-browser
The Future of Marketplaces is Here - The 2020s & The Passion Economy,22/01/2020,Andre Lopes,https://altar.io/the-future-of-marketplaces-the-passion-economy/,the-future-of-marketplaces-the-passion-economy
Expert Interview: The Hidden Details When Funding Your Startup,20/05/2020,Paolo Dotta,https://altar.io/expert-interview-funding-your-startup/,expert-interview-funding-your-startup
Raising Capital For A Startup: First Steps To a Great Deal,08/05/2020,Paolo Dotta,https://altar.io/raising-capital-for-a-startup-first-steps-to-a-great-deal/,raising-capital-for-a-startup-first-steps-to-a-great-deal
What The Non-Technical Entrepreneur Needs To Know About Tech,05/12/2019,Daniel de Castro Ruivo,https://altar.io/what-the-non-technical-entrepreneur-needs-to-know-about-tech/,what-the-non-technical-entrepreneur-needs-to-know-about-tech
Hutsi - The Marketing Automation AI Tool We Created From Head to Toe,20/03/2019,Daniel de Castro Ruivo,https://altar.io/hutsi-the-marketing-automation-ai-tool-were-creating-from-head-to-toe/,hutsi-the-marketing-automation-ai-tool-were-creating-from-head-to-toe
Covid-19 in The Age of Technology and The Homo Deus,06/04/2020,Andre Lopes,https://altar.io/covid-19-in-the-age-of-technology-and-the-homo-deus/,covid-19-in-the-age-of-technology-and-the-homo-deus
Are You Too Old To Start A Business and Be A Great Founder?,12/11/2019,Andre Lopes,https://altar.io/managers-improve-become-successful-entrepreneurs/,managers-improve-become-successful-entrepreneurs
Startup Series Funding: Everything You Need To Know,11/03/2020,Rui Lourenco,https://altar.io/startup-series-funding-everything-you-need-to-know/,startup-series-funding-everything-you-need-to-know
Angulartics2 – A Powerful Analytics tool for Angular Applications,21/03/2019,Joao Ribeiro,https://altar.io/powerful-analytics-tool-for-angular-applications-angulartics2/,powerful-analytics-tool-for-angular-applications-angulartics2
How to Build a Marketplace [A Startup Case Study],24/01/2021,Paolo Dotta,https://altar.io/venga-product-bible-ux-ui/,venga-product-bible-ux-ui
What Startup Investors Look for In Entrepreneurs and Their Teams,19/06/2020,Paolo Dotta,https://altar.io/what-startup-investors-look-for-in-entrepreneurs-and-their-teams/,what-startup-investors-look-for-in-entrepreneurs-and-their-teams
Lessons Learned from the Early Days of a Fintech Unicorn,09/10/2020,Paolo Dotta,https://altar.io/lessons-from-a-fintech-unicorn/,lessons-from-a-fintech-unicorn
15 Passion Economy Subscription Marketplace Ideas,19/10/2020,Andre Lopes,https://altar.io/passion-economy-marketplace-ideas/,passion-economy-marketplace-ideas
The Ultimate List of MVP Examples [20+ Case Studies],23/10/2020,Paolo Dotta,https://altar.io/ultimate-list-mvp-examples/,ultimate-list-mvp-examples
Cloud Migration &amp; Other B2B Fintech Trends for 2021,05/11/2020,Claudio Teixeira,https://altar.io/cloud-migration-fintech-trends/,cloud-migration-fintech-trends
Founder Story: The Key Decisions When Building a Fintech,12/11/2020,Paolo Dotta,https://altar.io/founder-story-the-key-decisions-when-building-a-fintech/,founder-story-the-key-decisions-when-building-a-fintech
Selling a Fintech Before Launch by Leveraging Your Most Valuable Resource: People,23/12/2020,Paolo Dotta,https://altar.io/selling-fintech-before-launch-leveraging-people/,selling-fintech-before-launch-leveraging-people
Expert Interview: How to Hire Top Talent in Startups,22/01/2021,Paolo Dotta,https://altar.io/expert-interview-how-to-hire-top-talent-in-startups/,expert-interview-how-to-hire-top-talent-in-startups
What Entrepreneurs Should Know Before Hiring a Business Coach [Expert Interview],01/02/2021,Paolo Dotta,https://altar.io/business-coach-for-entrepreneurs-expert-interview/,business-coach-for-entrepreneurs-expert-interview
What Founders Should Know Before Hiring a CTO or a Software Agency [Expert Interview],08/01/2021,Paolo Dotta,https://altar.io/what-founders-should-know-before-hiring-a-cto-or-software-agency-expert-interview/,what-founders-should-know-before-hiring-a-cto-or-software-agency-expert-interview
Founder Story: Building and Scaling a Fintech Startup by Trusting your Gut,18/09/2020,Paolo Dotta,https://altar.io/building-and-scaling-fintech-startup-by-trusting-your-gut/,building-and-scaling-fintech-startup-by-trusting-your-gut
From Being Fired to Building a Multi-Million Dollar Fintech Startup,07/08/2020,Paolo Dotta,https://altar.io/from-being-fired-to-building-a-multi-million-dollar-fintech-startup/,from-being-fired-to-building-a-multi-million-dollar-fintech-startup
Founder Story: Starting And Selling a Fintech Startup in Less Than 4 Years,27/07/2020,Paolo Dotta,https://altar.io/founder-story-starting-and-selling-a-fintech-startup-in-less-than-4-years/,founder-story-starting-and-selling-a-fintech-startup-in-less-than-4-years
Expert Interview: The Ultimate Guide to Startup Advisors,03/07/2020,Paolo Dotta,https://altar.io/expert-interview-ultimate-guide-to-startup-advisors/,expert-interview-ultimate-guide-to-startup-advisors
Functional or Non-functional MVP? An Early-Stage Startup Problem,29/10/2020,Daniel de Castro Ruivo,https://altar.io/mvp-functional-non-functional-startup-early-stage-dilemma/,mvp-functional-non-functional-startup-early-stage-dilemma
"How to Build a Startup? CTO, Freelancers, Agency?",10/09/2020,Daniel de Castro Ruivo,https://altar.io/whats-the-best-way-to-build-your-startup-cto-freelancers-agency/,whats-the-best-way-to-build-your-startup-cto-freelancers-agency
My Experience Building a Tech Startup Without a Technical Co-Founder,03/12/2020,Dudley Gould,https://altar.io/building-a-startup-without-a-technical-co-founder/,building-a-startup-without-a-technical-co-founder
Expert Interview: The 3 Pillars to Become a Successful Entrepreneur,04/09/2020,Rui Lourenco,https://altar.io/expert-interview-become-a-successful-entrepreneur/,expert-interview-become-a-successful-entrepreneur
Expert Interview: The One Thing You Can’t Miss When Building an MVP,28/08/2020,Rui Lourenco,https://altar.io/expert-interview-building-an-mvp/,expert-interview-building-an-mvp
Building a Successful Fintech by Listening to the Market (Founder Interview),01/04/2021,Paolo Dotta,https://altar.io/building-a-fintech-by-listening-to-the-market-founder-interview/,building-a-fintech-by-listening-to-the-market-founder-interview
How an Experience in Turkey Led to a Million-Dollar Startup [Founder Interview],09/04/2021,Paolo Dotta,https://altar.io/how-an-experience-in-turkey-led-to-a-million-dollar-startup-founder-interview/,how-an-experience-in-turkey-led-to-a-million-dollar-startup-founder-interview
The Crucial First Steps to Build a Successful Tech Startup,25/06/2021,Paolo Dotta,https://altar.io/crucial-first-steps-to-build-tech-startup/,crucial-first-steps-to-build-tech-startup
8 Steps to Follow to Build a Successful Marketplace,23/07/2021,Andre Lopes,https://altar.io/eight-steps-follow-build-successful-marketplace/,eight-steps-follow-build-successful-marketplace
Why Micro Teams are the Future of Software Development,09/07/2021,Andre Lopes,https://altar.io/micro-teams-future-of-software-development/,micro-teams-future-of-software-development
How Long Does It Take to Build an MVP? (Minimum Viable Product),30/07/2021,Paolo Dotta,https://altar.io/how-long-it-takes-to-build-an-mvp/,how-long-it-takes-to-build-an-mvp
How a Lot of Rejection and 4 Years in “Stealth Mode” Turned into $21M in Funding [Founder Story],06/08/2021,Rui Lourenco,https://altar.io/founder-story-how-rejection-turned-into-21m-funding/,founder-story-how-rejection-turned-into-21m-funding
The Right Roadmap to Build an MVP: From Idea to Launch,17/08/2021,Paolo Dotta,https://altar.io/the-roadmap-to-build-an-mvp-from-idea-to-launch/,the-roadmap-to-build-an-mvp-from-idea-to-launch
7 Key Product Lessons I Learned Interviewing Successful Entrepreneurs,27/08/2021,Rui Lourenco,https://altar.io/key-product-lessons-i-learned-interviewing-successful-entrepreneurs/,key-product-lessons-i-learned-interviewing-successful-entrepreneurs
Remote Work vs. The Office: What’s Best for Your Startup?,09/09/2021,Paolo Dotta,https://altar.io/remote-work-vs-the-office-whats-best-for-your-startup/,remote-work-vs-the-office-whats-best-for-your-startup
"How to Build a Million Dollar Startup by Falling in Love With a Problem, Not a Solution [Founder Story]",17/09/2021,Paolo Dotta,https://altar.io/founder-story-fall-in-love-with-problems-not-solutions/,founder-story-fall-in-love-with-problems-not-solutions
Lessons Learned From Over 25 Years in Silicon Valley [Founder Story],08/10/2021,Rui Lourenco,https://altar.io/lessons-learned-from-over-25-years-in-silicon-valley-founder-story/,lessons-learned-from-over-25-years-in-silicon-valley-founder-story
Custom Software Development Companies for Startups: How to Make it Work,13/05/2021,Paolo Dotta,https://altar.io/custom-software-development-companies-for-startups/,custom-software-development-companies-for-startups
8 Traits to Consider if You Want to Find the Perfect Co-Founder,15/04/2021,Paolo Dotta,https://altar.io/intellectual-humility-and-the-7-traits-of-great-co-founders/,intellectual-humility-and-the-7-traits-of-great-co-founders
Building a Fintech: 7 Key Lessons from Successful Founders,26/02/2021,Paolo Dotta,https://altar.io/key-lessons-fintech-founders/,key-lessons-fintech-founders
What Angel Investors Look For in Entrepreneurs and their Startups [Expert Interview],19/02/2021,Paolo Dotta,https://altar.io/what-angel-investors-look-for-in-entrepreneurs-and-their-startups-expert-interview/,what-angel-investors-look-for-in-entrepreneurs-and-their-startups-expert-interview
The Ultimate Guide to Dedicated Software Development Teams,05/02/2021,Andre Lopes,https://altar.io/ultimate-guide-dedicated-software-development-team/,ultimate-guide-dedicated-software-development-team
Early-Stage Marketing Considerations for Startups [Expert Interview],15/07/2021,Rui Lourenco,https://altar.io/marketing-for-startups-expert-interview/,marketing-for-startups-expert-interview
9 Crucial Lessons I Learned from Interviewing Successful Entrepreneurs,20/05/2021,Rui Lourenco,https://altar.io/crucial-lessons-learned-interviewing-successful-entrepreneurs/,crucial-lessons-learned-interviewing-successful-entrepreneurs
What Every Entrepreneur Should Know About Startup Lawyers  [Expert Interview],16/03/2021,Rui Lourenco,https://altar.io/expert-interview-startup-lawyers/,expert-interview-startup-lawyers
3 Steps to Build a Successful MVP (Minimum Viable Product),06/04/2022,Daniel de Castro Ruivo,https://altar.io/features-inside-mvp-3-steps-know-answer/,features-inside-mvp-3-steps-know-answer
Altar Co-founder Interviewed by Business Magazine,13/10/2021,Jamie Russell-Curtis,https://altar.io/altar-co-founder-interviewed-by-business-magazine/,altar-co-founder-interviewed-by-business-magazine
7 Dangerous Mistakes to Avoid When Building an MVP,22/10/2021,Paolo Dotta,https://altar.io/mistakes-to-avoid-when-building-an-mvp/,mistakes-to-avoid-when-building-an-mvp
Hands-On Starlink Review: Does it Live Up to the Hype?,27/07/2022,Claudio Teixeira,https://altar.io/starlink-review/,starlink-review
Busting the ‘Overnight Success’ Myth in Startups,05/11/2021,Rui Lourenco,https://altar.io/busting-the-overnight-success-myth-in-startups/,busting-the-overnight-success-myth-in-startups
How to Build a SaaS Product That Gets Funded in 5 Steps,24/11/2021,Paolo Dotta,https://altar.io/how-to-build-a-saas-product/,how-to-build-a-saas-product
How to Write a Software Requirements Specification (SRS) Document in 5 Steps,03/12/2021,Claudio Teixeira,https://altar.io/how-to-write-an-srs-document/,how-to-write-an-srs-document
When & How to Pivot Your Startup [With Real-Life Examples],20/12/2021,Rui Lourenco,https://altar.io/startup-pivot-guide/,startup-pivot-guide
How I Found the Right Software Development Company for My Startup,18/02/2022,Adil Kurt-Elli,https://altar.io/finding-a-software-development-company-startup/,finding-a-software-development-company-startup
7 Entrepreneurial Mindset Lessons from Founders that Raised Millions,18/01/2022,Rui Lourenco,https://altar.io/entrepreneurial-mindset-lessons/,entrepreneurial-mindset-lessons
Forbes Highlights Altar.io’s Impact on the Portuguese Business Landscape,04/03/2022,Rui Lourenco,https://altar.io/impact-on-business-landscape-portugal-forbes/,impact-on-business-landscape-portugal-forbes
The 7 Best Startup Incubators Worldwide and How They Can Help You,11/03/2022,Paolo Dotta,https://altar.io/best-startup-incubators/,best-startup-incubators
6 Vital Lessons on Building a Startup Team from Multi-Million Dollar Entrepreneurs,01/04/2022,Rui Lourenco,https://altar.io/vital-lessons-on-building-a-startup-team/,vital-lessons-on-building-a-startup-team
Building an MVP? Here Are 3 Tools Your Project Manager Should Be Using,08/04/2022,Pedro Alves,https://altar.io/project-manager-tools-to-build-an-mvp/,project-manager-tools-to-build-an-mvp
How to Build a Startup with Freelance Developers,29/04/2022,Daniel de Castro Ruivo,https://altar.io/build-a-startup-with-freelance-developers/,build-a-startup-with-freelance-developers
How to Build a Tech Startup in Portugal in 10 Simple Steps,04/05/2022,Andre Lopes,https://altar.io/how-to-start-a-business-in-portugal/,how-to-start-a-business-in-portugal
10 Reasons Why You Should Build A Startup in Lisbon,07/02/2022,Andre Lopes,https://altar.io/lisbon-great-place-develop-startup/,lisbon-great-place-develop-startup
The 10 Best Coworking Spaces in Lisbon For Entrepreneurs,05/01/2022,Jamie Russell-Curtis,https://altar.io/10-best-coworking-spaces-lisbon-entrepreneurs/,10-best-coworking-spaces-lisbon-entrepreneurs
From Struggling to Buy a TV to Getting Acquired by a $7.5B Fintech Monster,06/02/2022,Rui Lourenco,https://altar.io/from-struggling-to-buy-a-tv-to-startup-acquisition/,from-struggling-to-buy-a-tv-to-startup-acquisition
The Real Reason Why Altar.io Was Named A Top 1000 Company In 2021,12/12/2021,Rui Lourenco,https://altar.io/the-reason-why-altar-won-top-agency-2020/,the-reason-why-altar-won-top-agency-2020
How This Unicorn Startup Founder Built an Airline Out of Necessity,12/09/2022,Rui Lourenco,https://altar.io/founder-interview-building-an-airline-and-an-innovative-fintech-product/,founder-interview-building-an-airline-and-an-innovative-fintech-product
Software Development for Startups: The Entrepreneurs' Guide,13/12/2022,Andre Lopes,https://altar.io/how-a-dev-agency-can-be-your-startups-best-friend/,how-a-dev-agency-can-be-your-startups-best-friend
Where to Find a Technical Co-Founder for Your Startup [With Case Studies],01/02/2023,Rui Lourenco,https://altar.io/where-to-find-a-technical-co-founder-for-your-startup/,where-to-find-a-technical-co-founder-for-your-startup
10 Essential Steps to Successfully Interview Developers,04/01/2023,Andre Lopes,https://altar.io/essential-steps-to-successfully-interview-developers/,essential-steps-to-successfully-interview-developers
React vs. Angular: Which Should You Use to Build Your Startup?,06/01/2023,Andre Pinto,https://altar.io/react-vs-angular/,react-vs-angular
What is Agile Scrum Methodology and How Can it Help Your Startup?,13/01/2023,Mariia Mieimankulova,https://altar.io/agile-scrum-startup-guide/,agile-scrum-startup-guide
6 Ways to Attract & Retain Developers for Your Startup,28/07/2022,Rui Lourenco,https://altar.io/ways-to-attract-retain-developers-for-your-startup/,ways-to-attract-retain-developers-for-your-startup
5 Key Lessons on Finding a Co-Founder From Award-Winning Entrepreneurs,09/08/2022,Rui Lourenco,https://altar.io/key-lessons-on-finding-a-co-founder/,key-lessons-on-finding-a-co-founder
The Top 30 Startup Incubators & Accelerators in the UK,23/08/2022,Paolo Dotta,https://altar.io/top-startup-incubators-accelerators-uk/,top-startup-incubators-accelerators-uk
How a Startup Accelerator Catapulted my Entrepreneurial Journey (Founder Interview),02/09/2022,Rui Lourenco,https://altar.io/founder-interview-startup-accelerator-alumni-500-startups/,founder-interview-startup-accelerator-alumni-500-startups
6 Critical Qualities You Need in a Product Manager for Your Startup,16/09/2022,Daniel de Castro Ruivo,https://altar.io/qualities-product-manager-startup/,qualities-product-manager-startup
How to Avoid Failure When Building a Startup With a Software Development Company,13/10/2022,Rui Lourenco,https://altar.io/how-to-avoid-failure-when-building-a-startup-with-a-software-development-company/,how-to-avoid-failure-when-building-a-startup-with-a-software-development-company
4 Steps to Ensure your Startup’s UX/UI Design Delights your Users,07/11/2022,Antonio Monica,https://altar.io/ensure-startup-ux-ui-design-delights-your-users/,ensure-startup-ux-ui-design-delights-your-users
Applying the Startup Mindset to Big Corp & Losing Half Your Your Staff in the Process  [CEO Interview],07/12/2022,Rui Lourenco,https://altar.io/applying-the-startup-mindset-to-big-corp-losing-half-your-your-staff-in-the-process-ceo-interview/,applying-the-startup-mindset-to-big-corp-losing-half-your-your-staff-in-the-process-ceo-interview
The Top 6 Startup Accelerators in Norway & How to Apply,29/12/2022,Paolo Dotta,https://altar.io/the-top-startup-accelerators-in-norway-how-to-apply/,the-top-startup-accelerators-in-norway-how-to-apply
Our 10 Best Entrepreneurship Articles of 2022 [Rated by Over 150k Entrepreneurs],06/01/2023,Rui Lourenco,https://altar.io/best-entrepreneurship-articles-2022/,best-entrepreneurship-articles-2022
What Founders Must Know Before Spending Time Creating a Business Plan,13/01/2023,Rui Lourenco,https://altar.io/what-founders-must-know-before-creating-business-plan/,what-founders-must-know-before-creating-business-plan
The List of Most Active 150 Fintech Investors,27/12/2022,Paolo Dotta,https://altar.io/ultimate-list-active-150-fintech-investors/,ultimate-list-active-150-fintech-investors
4 Steps to Select The  Right Technical Partner To Help You Build a Startup,10/12/2022,Rui Lourenco,https://altar.io/finding-the-right-tech-partner-for-your-startup/,finding-the-right-tech-partner-for-your-startup
12 Reasons Why Outsourcing Software Development Fails,27/09/2022,Rui Lourenco,https://altar.io/10-reasons-why-outsourcing-software-development-fails/,10-reasons-why-outsourcing-software-development-fails
10 European Countries With the Best Tax Reliefs for Startups,20/04/2023,Paolo Dotta,https://altar.io/incorporating-startup-eu-overview-tax-reliefs-country/,incorporating-startup-eu-overview-tax-reliefs-country
7 Steps to Bring Your Tech Startup Idea to Life in 2024,01/01/2024,Rui Lourenco,https://altar.io/7-steps-bring-your-startup-idea-to-life/,7-steps-bring-your-startup-idea-to-life
9 Founders Share What To Expect From a Startup Accelerator in 2024,27/12/2023,Rui Lourenco,https://altar.io/founders-share-what-you-can-expect-from-a-startup-accelerator/,founders-share-what-you-can-expect-from-a-startup-accelerator
How Y Combinator Taught me What Really Matters When Building a Startup [Founder Story],10/02/2023,Rui Lourenco,https://altar.io/y-combinator-taught-me-what-really-matters-when-building-a-startup/,y-combinator-taught-me-what-really-matters-when-building-a-startup
The Ultimate Guide to Hiring a Product Manager for Your Startup,03/03/2023,Paolo Dotta,https://altar.io/ultimate-guide-hire-product-manager-startup/,ultimate-guide-hire-product-manager-startup
Launching a Tech Startup in a Market Downturn: 6 Key Elements to Consider,14/03/2023,Rui Lourenco,https://altar.io/key-elements-to-consider-launching-a-tech-startup-in-a-market-downturn/,key-elements-to-consider-launching-a-tech-startup-in-a-market-downturn
Inside the Marketing Playbooks of Unicorn Entrepreneurs: Lessons for Your Startup,06/04/2023,Jamie Russell-Curtis,https://altar.io/inside-the-marketing-playbooks-of-unicorn-entrepreneurs-lessons-for-your-startup/,inside-the-marketing-playbooks-of-unicorn-entrepreneurs-lessons-for-your-startup
Mastering the Art of Communicating Your Startup's Value Proposition,05/05/2023,Rui Lourenco,https://altar.io/mastering-the-art-of-communicating-your-startups-value-proposition/,mastering-the-art-of-communicating-your-startups-value-proposition
The Most Exciting Updates Announced at Figma Config 2023,28/06/2023,Ewa Hendrychowska,https://altar.io/updates-announced-at-figma-config/,updates-announced-at-figma-config
A Tech Founder's Perspective on Collaborating with a Software Development Company,12/07/2023,Sachin Tandon,https://altar.io/building-a-startup-with-a-software-development-company-tech-founders-perspective/,building-a-startup-with-a-software-development-company-tech-founders-perspective
How OpenAI Found Success by Being Product Driven (And How You Can Too),24/08/2023,Azamat Tyulebayev,https://altar.io/how-openai-found-success-by-being-product-driven-and-how-you-can-too/,how-openai-found-success-by-being-product-driven-and-how-you-can-too
Raising $3.3M Pre-Launch & Completing Y Combinator to Bridge Europe & Africa's Financial Chasm (Founder Story),13/10/2023,Jamie Russell-Curtis,https://altar.io/bridging-europe-africas-financial-chasm-founder-story/,bridging-europe-africas-financial-chasm-founder-story
The Ultimate Startup Guide: From Ideation to MVP Launch & Beyond,19/10/2023,Rui Lourenco,https://altar.io/the-ultimate-startup-guide/,the-ultimate-startup-guide
The 8 Best AI Tools for Entrepreneurs & Startups in 2024,03/01/2024,Jamie Russell-Curtis,https://altar.io/the-best-ai-tools-for-entrepreneurs-startups/,the-best-ai-tools-for-entrepreneurs-startups
Navigating Rapid Startup Growth: Bootstrapped Beginnings to Y Combinator Success,17/11/2023,Jamie Russell-Curtis,https://altar.io/navigating-rapid-startup-growth-bootstrapped-beginnings-to-y-combinator-success/,navigating-rapid-startup-growth-bootstrapped-beginnings-to-y-combinator-success
Why Big Corporations Need Lean Startup Techniques: A Path to Innovation and Growth,24/11/2023,Rui Lourenco,https://altar.io/why-big-corporations-need-lean-startup-techniques-a-path-to-innovation-and-growth/,why-big-corporations-need-lean-startup-techniques-a-path-to-innovation-and-growth
Revolutionising Tech Leadership: Insights from an AI-Enabled CTO,30/11/2023,Claudio Teixeira,https://altar.io/revolutionising-tech-leadership-insights-from-an-ai-enabled-cto/,revolutionising-tech-leadership-insights-from-an-ai-enabled-cto
Why I Chose a Software Development Company to Help Build My VC-Backed Startup,14/12/2023,Liam Gerada,https://altar.io/why-i-chose-a-software-development-company-to-help-build-my-vc-backed-startup/,why-i-chose-a-software-development-company-to-help-build-my-vc-backed-startup
Launching a Startup in the Age of Generative AI,20/12/2023,Vasco Ramalho,https://altar.io/launching-a-startup-in-the-age-of-generative-ai/,launching-a-startup-in-the-age-of-generative-ai
The 12 Most Relevant Business Magazines for Entrepreneurs in 2024,03/01/2024,Jamie Russell-Curtis,https://altar.io/business-magazines-for-entrepreneurs/,business-magazines-for-entrepreneurs
The 12 Best Websites to Hire Developers for Your Startup in 2024,12/01/2024,Jamie Russell-Curtis,https://altar.io/best-websites-to-hire-developers-for-startup/,best-websites-to-hire-developers-for-startup
The Structured Process Behind Developing a Successful MVP in 2024,14/01/2024,Paolo Dotta,https://altar.io/structured-process-develop-mvp/,structured-process-develop-mvp
The 32 Best Books for Entrepreneurs Starting a Business in 2024,12/01/2024,Jamie Russell-Curtis,https://altar.io/the-12-best-books-for-entrepreneurs-starting-a-business-in-2021/,the-12-best-books-for-entrepreneurs-starting-a-business-in-2021
The 50 Best Startup Incubators & Accelerators in the USA [2024],11/01/2024,Paolo Dotta,https://altar.io/best-startup-accelerators-usa/,best-startup-accelerators-usa
How to Hire the First Software Developer for your Startup in 2024,05/01/2024,Paolo Dotta,https://altar.io/how-to-hire-the-first-software-developer-for-your-startup/,how-to-hire-the-first-software-developer-for-your-startup
20+ Entrepreneurial Platforms that will Help You Overcome Startup Hurdles in 2024,14/01/2024,Jamie Russell-Curtis,https://altar.io/entrepreneurial-platforms-that-will-help-overcome-startup-hurdles/,entrepreneurial-platforms-that-will-help-overcome-startup-hurdles
Switzerland's Leading Startup Accelerators: Top 7 Programs 2024,14/01/2024,Paolo Dotta,https://altar.io/switzerlands-leading-startup-accelerators/,switzerlands-leading-startup-accelerators
The 12 Best Software Development Companies of 2024,10/01/2024,Rui Lourenco,https://altar.io/the-best-software-development-companies/,the-best-software-development-companies
12 Product Leaders You Should Follow in 2024 as a Startup Founder,05/01/2024,Azamat Tyulebayev,https://altar.io/product-leaders-you-should-follow-in-as-a-startup-founder/,product-leaders-you-should-follow-in-as-a-startup-founder
Design Meets Development: The Crucial Role of Styling in Startup Success,04/01/2024,Mariana Silva,https://altar.io/the-crucial-role-of-styling-in-startup-success/,the-crucial-role-of-styling-in-startup-success
How to Shape a Startup Product That Will Be Adopted by The Market,12/01/2024,Simon Tadeu,https://altar.io/how-to-shape-a-startup-product-that-will-be-adopted-by-the-market/,how-to-shape-a-startup-product-that-will-be-adopted-by-the-market
12 Ways to Leverage ChatGPT-4 For Your Startup That You Can’t Ignore,26/01/2024,Jamie Russell-Curtis,https://altar.io/how-to-leverage-chatgpt-for-your-startup/,how-to-leverage-chatgpt-for-your-startup
Should a Startup Outsource Software Development in 2024?,09/01/2024,Paolo Dotta,https://altar.io/should-a-startup-outsource-its-software-development/,should-a-startup-outsource-its-software-development
Beyond Product-Market Fit: Mastering Multi-Dimensional Alignment for Startup Success,19/01/2024,Azamat Tyulebayev,https://altar.io/mastering-multi-dimensional-alignment-for-startup-success/,mastering-multi-dimensional-alignment-for-startup-success
How to Find a Technical Co-Founder For Your Startup in 2024,10/01/2024,Rui Lourenco,https://altar.io/how-to-find-a-technical-co-founder-for-your-startup/,how-to-find-a-technical-co-founder-for-your-startup
"With Generative Web on the Horizon, is Your Product Due a UX Audit?",02/02/2024,Vasco Ramalho,https://altar.io/generative-web-product-ux-audit/,generative-web-product-ux-audit
8 Steps to Setup Your Startup MVP for Success,08/03/2024,Simon Tadeu,https://altar.io/how-to-setup-your-startup-mvp-for-success/,how-to-setup-your-startup-mvp-for-success
How I Recovered from Losing My Startup's Technical Co-Founder,15/03/2024,Filipe Matos,https://altar.io/how-i-recovered-from-losing-my-technical-co-founder/,how-i-recovered-from-losing-my-technical-co-founder
AI's Unfulfilled Promise For Business Leaders: The Gap Between Potential and Practice,21/03/2024,Vasco Ramalho,https://altar.io/navigating-ai-enablement-business/,navigating-ai-enablement-business
The 10 Best AI Development Companies In the World (2024),05/04/2024,Jamie Russell-Curtis,https://altar.io/best-ai-development-companies-in-the-world/,best-ai-development-companies-in-the-world
How to Outsource Software Development Successfully in 2024,30/07/2024,Daniel de Castro Ruivo,https://altar.io/founders-guide-how-to-outsource-software-development-2020/,founders-guide-how-to-outsource-software-development-2020
How to Pitch to Investors: Preparation & Execution,22/05/2024,Paolo Dotta,https://altar.io/how-to-pitch-to-investors/,how-to-pitch-to-investors
The 21 Best Business Podcasts for Entrepreneurs in 2024,17/07/2024,Jamie Russell-Curtis,https://altar.io/best-business-podcasts-for-entrepreneurs/,best-business-podcasts-for-entrepreneurs
24 Entrepreneurs Share the Tools They Can't Live Without in 2024,07/05/2024,Jamie Russell-Curtis,https://altar.io/tools-for-entrepreneurs/,tools-for-entrepreneurs
How to Find a CTO for Your Startup: The 2024 Entrepreneur’s Guide,06/06/2024,Daniel de Castro Ruivo,https://altar.io/how-to-find-a-cto-for-your-startup-the-founders-guide/,how-to-find-a-cto-for-your-startup-the-founders-guide
6 Crucial Things to Look for in a Software Development Company [Startup Guide],27/05/2024,Rui Lourenco,https://altar.io/crucial-things-to-look-for-in-a-software-development-company/,crucial-things-to-look-for-in-a-software-development-company
How a Y Combinator Lesson Helped Our Startup Scale to a $19M Valuation [Founder Story],06/08/2024,Rui Lourenco,https://altar.io/how-y-combinator-helped-our-startup-scale-to-a-19m-valuation/,how-y-combinator-helped-our-startup-scale-to-a-19m-valuation
30-Year-Old Startup Lessons You Can't Afford to Ignore [Founder Story],27/07/2024,Rui Lourenco,https://altar.io/30-year-startup-lessons-you-cant-afford-to-ignore/,30-year-startup-lessons-you-cant-afford-to-ignore
Has Generative AI Killed the Data Scientist?,12/04/2024,Vasco Ramalho,https://altar.io/has-generative-ai-killed-the-data-scientist/,has-generative-ai-killed-the-data-scientist
AI Building Blocks: The Ultimate Guide to Integrating AI into Your Business,22/04/2024,Rui Vas,https://altar.io/ai-building-blocks-business/,ai-building-blocks-business
4 Founders Share Why You Should Launch Your Startup in Portugal,08/05/2024,Jamie Russell-Curtis,https://altar.io/founders-share-why-you-should-launch-your-startup-in-portugal/,founders-share-why-you-should-launch-your-startup-in-portugal
"How To Use AI to Track Your Startup’s KPIs, Enhance Ops and Impress Investors",14/05/2024,Rui Vas,https://altar.io/use-ai-track-startup-kpis/,use-ai-track-startup-kpis
19 Entrepreneurs Share the Ups and Downs of Building Million-Dollar Startups,23/05/2024,Jamie Russell-Curtis,https://altar.io/entrepreneurs-share-how-they-built-million-dollar-startups/,entrepreneurs-share-how-they-built-million-dollar-startups
AI Agents: How Klarna replaced the work of 700 Humans in 1 Month,07/06/2024,Rui Vas,https://altar.io/ai-agents-for-startup/,ai-agents-for-startup
Apple Intelligence & Microsoft Copilot: How Startup Founders Must Adapt to a New Era of Computing,20/06/2024,Rui Vas,https://altar.io/apple-intelligence-vs-microsoft-copilot/,apple-intelligence-vs-microsoft-copilot
Raising over $2.5B in Startup Funding & Getting Acquired by AMEX [Founder Story],28/06/2024,Rui Lourenco,https://altar.io/raising-startup-funding-getting-acquired-by-amex-founder-story/,raising-startup-funding-getting-acquired-by-amex-founder-story
Product Development vs. Go-to-market: Where Should the Founder Focus The Most?,05/07/2024,Filipe Matos,https://altar.io/product-development-vs-go-to-market/,product-development-vs-go-to-market
How to Build a 1.8M Customer Base by Focusing on 1 Critical Problem [Founder Story],11/07/2024,Rui Lourenco,https://altar.io/how-to-build-a-strong-customer-base-founder-story/,how-to-build-a-strong-customer-base-founder-story
Against the Grain: How a Dorm Room Startup Achieved $30M in Funding [Founder Story],19/07/2024,Rui Lourenco,https://altar.io/against-the-grain-how-a-dorm-room-startup-achieved-30m-in-funding-founder-story/,against-the-grain-how-a-dorm-room-startup-achieved-30m-in-funding-founder-story
"Beyond the Hype: When Every Startup is an AI Startup, How Do You Stand Out?",02/08/2024,Vasco Ramalho,https://altar.io/beyond-the-ai-hype/,beyond-the-ai-hype
